FourCharID,Lat,Long,Height
7ODM,34.1164089551,-117.0931971146,762.09583
AB01,52.20950466,-174.204754769999,25.6
AB02,52.9706056,-168.85467034,192.7873
AB04,63.656869,-170.567419,135.799
AB06,54.885323,-163.423454,500.4025
AB07,55.349276,-160.476757,89.5787
AB08,60.38483202,-166.200857,26.5182
AB09,65.61498,-168.06214,162
AB11,64.564509,-165.37346,350
AB12,58.950797,-161.746239,586.43
AB13,56.307328,-158.503773,487.24
AB14,59.108168,-159.091509,657.008
AB15,61.039755,-159.878337,559.707
AB17,63.88635956,-160.694731,117.4453
AB18,66.858367,-162.613479,36.53
AB21,51.86415,-176.662647,59.3605
AB22,59.899322,-154.698235,199.303
AB25,62.92931061,-156.023391,961.0261
AB27,67.055889,-156.904859,507.587
AB28,62.093816,-152.814917,1582.6805
AB33,67.251013,-150.172544,334.7614
AB35,60.079065,-142.389846,536.433
AB36,65.0304,-150.743955,816.039
AB37,62.967323,-145.451876,1136.5763
AB39,66.55934629,-145.212631,147.6926
AB41,64.777325,-141.158038,285.678
AB42,59.340375,-138.898811,773.2304
AB43,58.19884205,-136.64080781,26.9246
AB44,59.528039,-135.228298,304.1266
AB45,68.760496,-148.871119,506.526
AB46,68.120672,-145.567869,647.576
AB48,56.245063,-134.646996,5.2572
AB49,55.580102,-133.068486,17.5352
AB50,58.416776,-134.5453,51.4998
AB51,56.797623,-132.91356,75.8118
AB53,56.58475572,-132.867247,1016.1312
ABVI,18.72968371,-64.33248523,-35.5512
AC02,56.950586,-154.183044,126.8512
AC03,59.770639,-151.864509,19.129
AC06,59.763638,-150.890558,631.4076
AC07,65.9613,-161.28659,178
AC08,58.928776,-153.644676,643.662
AC09,59.868477,-144.523822,368.562
AC10,54.52258181,-164.886728,170.4754
AC11,61.807079,-148.331747,790.8405
AC12,54.83097,-159.58954,83.837
AC13,55.82189642,-155.6224,222.8241
AC14,60.848701,-147.999555,748.324
AC15,60.481333,-149.724006,151.4154
AC16,60.518204,-148.093209,33.679
AC17,60.663904,-152.403821,882.089
AC18,58.92595843,-152.249531,214.6864
AC19,62.51921,-153.60733,546.5165
AC20,60.929208,-149.352502,43.6564
AC21,55.921091,-159.127701,170.344
AC23,60.475094,-150.877929,80.301
AC24,58.68157,-156.65273,35.813
AC25,55.088969,-162.314052,584.266
AC26,58.21457,-154.15031,171
AC27,59.252508,-154.16288,417.4896
AC28,55.07849,-160.04914,364.517
AC29,59.429579,-146.339972,60.949
AC30,59.855818,-147.739208,750.355
AC31,64.637979,-162.239099,227.699
AC32,61.473121,-150.736892,1347.321
AC33,62.67117,-150.68506,1519.56
AC34,57.220027,-153.279177,103.2155
AC35,59.375811,-150.793245,408.4149
AC36,60.95532,-150.60835,46.4323
AC37,60.439689,-153.865359,1626.065
AC38,57.753685,-153.341871,43.7815
AC39,58.60972,-152.39405,156.652
AC40,56.930354,-158.618549,39.305
AC41,55.908671,-160.407284,407.149
AC42,54.471779,-162.783631,257.228
AC43,59.521279,-149.628711,69.109
AC44,61.242173,-149.567125,832.1322
AC45,56.564453,-154.18096,451.0852
AC46,61.98627,-151.523976,619.272
AC47,60.081452,-152.62392,921.762
AC48,60.645861,-147.342991,379.154
AC50,65.553853,-164.566543,516.19
AC51,61.49808,-151.83535,958
AC52,57.567251,-157.574194,51.239
AC53,61.768973,-150.068952,57.4485
AC55,62.384445,-151.764565,1011.891
AC57,61.1386,-145.74271,828.419
AC58,57.15609,-170.21782,19.3411
AC59,59.567199,-153.5852,308.5589
AC60,52.71461965,174.07626889,18.2744
AC61,64.029259,-142.075819,745.116
AC62,63.083607,-146.312694,1347.1046
AC63,63.502427,-145.847245,815.026
AC64,62.714016,-144.303987,774.4556
AC65,62.83151,-143.704217,735.7994
AC66,51.37814,179.30131,101.54
AC67,57.79072,-152.42543,348.591
AC70,63.304711,-148.188293,810.422
AC71,64.049305,-145.713596,64.049305
AC72,63.695059577,-145.887696993,558.9216
AC74,63.464357446,-148.807257589,668.6698
AC75,62.999305506,-149.608819294,608.6846
AC76,63.0399983,-143.258816,1585.2461
AC77,62.688032,-145.42623,746.469
AC78,63.11349135,-142.027938,643.7176
AC79,59.99787,-147.40305,287.7699
AC80,62.39407799,-151.765041,1114.4647
AC81,61.76132,-150.05364,200
ACHO,7.4149,-80.1731,40
ACSB,33.27425,-117.4449,25
ACSO,40.232353,-82.981525,249.387
ACSX,33.274251,-117.444901,25
AECT,4.7664,-75.95415,933.92439
AEDA,-20.546209048221453,-70.17765663419941,90.28990050635069
AEDO,4.68843,-74.13879,2569.10343
AEMO,9.26297,-74.43578,16.66365
AESI,11.11253,-74.23094,0.01
AGMT,34.594282,-116.429378,1337.8404
AGNS,42.552768,-124.059137,51.23
AGTU,5.51988,-73.3737,2907.81595
AHID,42.773119,-111.06374,1975.5361
AIRS,16.7408514345,-62.2138562081,82.2349
AJCM,5.21041,-74.88455,487.55669
AL2H,48,-123,31
ALAM,37.212865,-115.093045,1090.0161
ALBH,48,-123,31
ALDR,39,-122,1362
ALTH,36,-120,18
ANA1,34.015005,-119.363468,22.4411
ANAT,46,-117,1087
ANIG,21.05384491705364,-104.52070982185148,1003.2377404224006
ANTC,-37.33869744731553,-71.53206258524509,746.5293176561946
AOPR,18.34657,-66.753687,350.6886
AR27,33.34178,-117.32495,68
AR53,33.38112,-117.47654,142
ARIG,18.28049708854811,-100.34749776353542,378.5047393148618
ARLI,48,-122,23
ARLN,45,-120,120
ARM1,35.20125173,-118.91042442,76.7323
ARM2,35.2012599461,-118.9105614252,76.40554
ASHL,42,-122,608
ASVI,4.27244,-74.79627,304.84772
ATW2,61.597754,-149.132291,97.0841
AV01,59.358531,-153.460801,487.2244
AV02,59.332975,-153.428391,229.7855
AV04,59.362584,-153.444672,915.9493
AV06,54.14718,-165.76572,463.0911
AV07,54.162938,-166.038536,521.0583
AV08,54.1363,-166.028271,598.4007
AV09,53.875635,-166.541836,105.6773
AV10,54.09761,-165.933764,329.524
AV11,59.370629,-153.354662,114.395
AV12,54.2108,-165.897546,404.6997
AV13,54.153082,-165.897815,494.7443
AV14,54.118895,-165.841568,396.3351
AV15,54.100194,-165.710112,457.4267
AV16,59.385912,-153.535022,24.857
AV17,59.403947,-153.451422,28.885
AV18,59.380435,-153.436812,366.697
AV19,59.354909,-153.414305,646.938
AV20,59.347382,-153.428182,541.695
AV24,54.58998439,-164.754803,481.7496
AV25,54.53000312,-164.779498,651.9893
AV26,54.57165435,-164.580465,577.5943
AV27,54.49235106,-164.723162,977.8823
AV29,54.47235357,-164.58615,971.862
AV34,54.72490945,-163.712919,636.3963
AV35,54.84669525,-164.386916,646.9972
AV36,54.77179461,-164.126803,648.4153
AV37,54.70938017,-163.997234,796.0397
AV38,54.83146915,-163.780873,492.3018
AV39,54.8113421,-163.998466,797.3963
AV40,54.64455,-163.74297,345
AVRY,34.468297,-117.153958,889.607
AZRY,33.5400741964,-116.6297012567,1265.71504
AZU1,34.126018,-117.896486,144.752
B001,48.04307,-123.13141,237
B004,48.20193,-124.42701,30
B011,48.64954,-123.44819,22
B012,48.92463,-125.54198,13
BACO,9.40244,-75.69193,13.80098
BAMF,48,-125,10
BAMO,40.41275,-117.204566,1792.4592
BAR1,33.480451,-119.029735,14.8146
BARA,18.208721,-71.098229,43
BARU,10.25761,-75.58998,27.54043
BBAY,48,-122,-9
BBDM,34.582198,-119.981512,204.8858
BBID,44.185045,-111.526126,1789.9517
BBRY,34.264279,-116.884241,2051.0638
BCES,48,-123,21
BCOV,50,-126,37
BCWR,34.9204634199,-119.405853601,1332.92196
BDLA,28.972023,-113.547221,-31.166
BDRY,48,-117,602
BELI,48,-122,10
BEMT,34.000534,-115.99819,1373.6489
BEND,44,-121,1095
BEPK,35.878388,-118.074092,2471.1201
BGGY,17.045,-61.8611,300
BGIS,33.9671201529,-118.1597015793,2.78973
BIGD,47,-118,493
BILL,33.578243,-117.064599,470.0611
BILS,47,-124,38
BKAP,35.287048,-116.080424,252.0399
BKMS,33.962257,-118.094697,11.0152
BLA1,37.211348,-80.420507,605.7008
BLCL,52,-126,24
BLSA,33,-118,-23
BLW2,42.767127,-109.557801,2215.5911
BLY1,42,-121,1313
BLYN,48.016058,-122.92754,613.2876
BLYT,33.6104143171,-114.7148526641,85.92659
BMHL,34.251445,-116.052978,722.6418
BNGN,45,-121,20
BNZA,-1.8978,29.297299,1708.5
BOMG,33.3646287439,-115.7297070979,-84.20121
BOMR,19.870859,-155.112148,101.5
BP01,4.64091,-74.08026,2581.77037
BPKT,46,-120,592
BRAN,34.184896495,-118.2770549424,246.27027
BREW,48,-119,238
BRI2,37,-122,265
BRIB,37,-122,263
BRN3,49,-123,32
BRPK,34,-118,1729
BSRY,34.918612,-117.011993,613.5034
BTDM,34.292805,-118.188225,678.2617
BUEG,34.6128503416,-120.1964097403,74.76379
BURN,42.779501,-117.843529,1180.9083
BVPP,35.157276,-119.347506,123.0578
BYAH,-1.662702,29.264607,1595.57
BYSP,18.40787,-66.160921,86.6256
CABL,42.836099,-124.563346,37.8365
CACT,33.655135419,-115.9899515631,518.4782
CALN,-33.39800497915333,-70.53718433228143,897.2768299335586
CAND,35.939352,-120.433696,568.4022
CARH,35.888383,-120.43082,480.2654
CASE,33.45534,-117.40406,714
CAST,39.191022,-110.677313,2245.0406
CAT2,33.311616,-118.333815,477.2619
CAT3,33.4458,-118.483,3.92
CATH,46,-123,56
CAYA,17.048499996177526,-100.26730000505016,25.9299283910329
CAYU,42.9435472,-76.54035805,206
CBAA,-22.746367513393405,-68.4481489143935,3514.837928682806
CBHS,34.13856,-118.629804,284.621
CCCC,35.565312,-117.671172,813.9681
CCCS,33,-117,31
CCPW,46,-117,497
CCSN,-33.46317433439625,-70.66405134727796,581.1450356142192
CDAA,47,-116,692
CDLC,-22.189628490338112,-69.76152256591067,1999.2557467398722
CDMT,34.829467,-116.335931,936.5821
CEDA,40.680696,-112.860481,1472.4928
CEDR,47,-121,471
CGDM,34.24399,-117.96494,704.7019
CGIG,30.365130753166994,-107.977324108939,1512.153800642113
CGUA,-25.162622670071592,-69.59032435780468,2537.913127431088
CGUI,12.9763,-87.5587,750
CHAB,37.724115,-122.11931,213.9726
CHCM,48,-122,20
CHDA,-33.98897691964932,-70.60894281103845,668.7974298127662
CHEL,47,-119,345
CHEM,43,-121,1439
CHIL,34.3334244805,-118.0260034847,1567.53314
CHLW,49,-121,1
CHMS,34.640462,-117.827701,760.3272
CHOW,37,-120,46
CHRS,20.191949,-155.894755,98.5
CHWK,49,-122,174
CHZZ,45.486515,-123.978123,50.7526
CIOH,10.232728635,-75.724202246,12.521
CIRX,34.109553,-118.937294,488.2148
CIT1,34.1367106822,-118.1272898699,215.36302
CJMG,34.2711959694,-117.4244653843,1584.41184
CJMS,34.3138006283,-117.4793865809,933.37925
CJVG,34.530321,-118.144232,1304.8
CLAR,34.10992817,-117.70880994,373.6266
CLBD,33.13538566,-117.310976,20.6124
CLGO,64.873774,-147.860487,196.1069
CLGX,64.873774,-147.860487,196.1069
CLL1,-36.595074982541476,-72.07996456081133,153.98827015460492
CLOV,40.55834,-114.87418,2126
CLRS,48,-124,175
CMBA,-31.18819473547944,-70.99897460012566,963.4604409679529
CMBB,38,-120,695
CMP9,34.3531817402,-118.4114290634,1138.04179
CN00,17.66852,-61.78558,-21.9819
CN01,17.04901,-61.75914,17.401
CN03,18.49047,-64.40222,303.1614
CN04,14.023571,-60.973898,24.139
CN05,18.563945,-68.359389,-28.292
CN06,18.789817,-70.656117,2228
CN07,19.75763084,-70.56585126,-32.2461
CN08,17.90337338,-71.6740682,-17.1169
CN09,19.6877,-72.1396,30
CN10,17.41519,-75.97055,-16.3245
CN11,17.0211799,-77.7841177,-10.7123
CN12,18.00448173,-76.7490521,169.902
CN13,24.06509,-74.53369,5
CN14,20.97535,-73.67796,5
CN15,26.55665578,-78.6930835,-27.5547
CN18,17.40759,-83.944381,7
CN19,12.611829,-70.048497,4.63
CN20,9.351737,-82.256249,24.72
CN21,13.402756,-87.427101,21.706
CN22,12.38409,-87.04469,28.8428
CN23,17.26061,-88.77876,55.1864
CN24,19.57563,-88.05392,16
CN25,16.23206,-92.13531,1597
CN26,22.382999,-89.682384,-10.067
CN27,19.66714,-69.93981,-21.1236
CN28,8.625078,-79.033712,28.694
CN29,14.04879667,-83.37463794,30.3025
CN30,11.99355131,-83.7720486,30.0339
CN33,8.48723951,-80.3266679,76.7982
CN34,8.548918,-78.014763,86.247
CN35,13.3755,-81.36292,47.84505
CN36,8.81965,-75.82113,15.3086
CN37,10.79258,-75.26317,1.44365
CN38,12.22182,-71.98803,10.44833
CN40,12.18004359,-68.9580146,33.3093
CN44,11.000453,-63.910301,837.853
CN45,10.837017,-60.938275,33.2
CN46,12.486845,-61.427088,21
CN47,13.71083,-60.940486,187.33
CN48,15.438899,-61.421659,285.7
CN53,21.7826,-72.2536,-11.506
CN55,8.243270989,-80.53933636,45.994
CN57,10.837114,-60.938327,33.2
CN58,18.58659,-63.4265,10
CN59,18.20662592,-63.0538521,11.138
CN60,8.62722,-79.0341,30
CN62,16.790254,-62.193977,146
CNC0,21.1744,-86.8208,-3
CNCR,48,-121,56
CNG2,12.50117,-86.69933,514
CNPP,33.857632,-117.608918,300.3139
COAG,32.863464044,-115.1233476396,3.64202
COBO,45,-122,46
COKG,32.8505138365,-115.7285031129,-46.88752
COLV,48,-117,491
COND,45,-120,865
CONS,-35.33095656912197,-72.41217205152753,39.78907034451905
COON,40.652591,-112.121011,1609.9923
COPR,34.414907,-119.879524,-22.8373
CORO,9.32809,-75.28785,155.7873
CORV,44.585535,-123.304604,105.6205
COSO,35.9823435442,-117.8088927738,1455.13371
COTD,33.732487,-116.386892,27.6
COUG,46,-122,151
COUP,48,-122,23
CPBN,35.071734,-117.573023,835.8403
CPXF,46,-122,533
CPXX,46.84,-122.26,533.7
CRBT,35.79161,-120.750753,205.444
CRCN,36,-119,28
CRFP,34.0390532931,-117.0996860634,688.82992
CRGG,35.2420919536,-119.7248247438,1173.08948
CRHS,33.823503,-118.272765,-23.5225
CRIG,16.73632878141324,-99.13118087383066,88.36058421000772
CRLR,18.416686,-68.936905,-5.56
CROK,46,-122,1
CROW,37,-121,3
CRRS,33.069807,-115.73504,-81.9018
CRU1,34.029259,-119.78481,702.1957
CSCI,34.168402,-119.038979,70.8649
CSDH,33.8614799204,-118.2567221175,-9.13548
CSHR,46.87071886,-121.732422,2881.9853
CSIG,26.836166270745935,-108.37116026997028,166.690899515269
CSKI,47,-122,10
CSN1,34.253552288,-118.5238165452,261.44712
CSOM,-52.78080719723641,-69.22405220187541,84.7232965209015
CSST,34.40809,-119.371248,162.5127
CTDM,34.516549,-118.613209,406.0799
CTMS,34.124101,-116.370425,966.4896
CUGR,46,-122,153
CUHS,34.9426484418,-119.6739525786,634.9794
CUPR,18.307446,-65.28253,-34.576
CUSH,47,-123,217
CVHS,34.0820130851,-117.9017217896,119.09652
CYTE,37,-121,82
DAM2,34.3348375362,-118.3968688369,583.43233
DAM3,34.333992,-118.397471,580
DDSN,43.118791,-123.244241,953.1111
DEEJ,47,-123,103
DEMA,20.300371572809325,-99.03536922053748,1984.1492241357037
DESC,32,-116,957
DEVT,40.06114,-105.2058,1570.835
DGF1,-33.457280874722734,-70.6617198546314,581.3392306094994
DHLG,33,-115,-83
DIAB,37,-121,990
DICA,11.04014,-74.82362,-4.15837
DIXN,38.46871518,-121.828643,-9.145
DLNO,35,-119,63
DLUZ,33.43058697,-117.30722,212.7266
DMND,48,-117,718
DOAR,17.021137820420464,-99.65074733674261,223.71309523050826
DOND,37,-119,665
DONO,36,-119,1187
DRAO,49,-119,541
DSHS,34.02393,-118.34854,-2.1049
DSME,33,-117,56
DSSC,33.733331,-116.712089,1660.8776
DTPG,35.2674649454,-117.8458785785,910.26198
DUBP,37,-121,201
DVPB,34.413413,-117.860132,1430.9
DVPT,47,-118,727
DYH2,33.938315,-118.127463,10.8
EBMD,37,-122,-15
EBRD,1.98931,-77.10109,638.2676
ECFS,33.647683,-117.411693,801.4202
ECHO,37.915534,-114.264247,1684.1091
ECSD,43.733692,-96.613996,445.301
EDPP,34.946194,-118.830408,379.8356
EGAN,39.345244,-114.938854,1998.271
ELIZ,49,-127,164
ELKO,40.91469,-115.817198,2016.8904
ELLY,33.58345,-118.1285,36.4
ELSC,34.02973388,-118.20843391,61.1647
ELSG,33.649142526,-117.4260234762,811.35618
ELSR,47,-122,115
ENTR,45,-117,1127
ENUM,47,-121,227
EOCG,34.4508483291,-119.7697798182,42.47197
EOUT,41.253197,-111.928908,1677.849
EPHR,47,-119,375
ERL2,19.85229,-155.926809,30.5
ERRG,33.1164462192,-115.822734491,-92.37046
ESRS,34.073662,-106.918873,-106.918873
ESRX,34.073662,-106.918873,1416.3
EUCH,44.83475,-123.870806,719.9
EWPP,34.104198,-117.525584,330.4835
EXU0,23.564,-75.873,-12
EYAC,60.548703845,-145.749857661,146.0604
EYC2,60.548751583,-145.750117361,135.99
FARB,37,-123,-21
FARI,37,-123,-20
FBAQ,-20.13463236766438,-69.75541971202904,1098.3744708003098
FCTF,34.066589682,-118.4421339493,149.3408
FERN,35.341872,-112.454737,1767.9155
FGST,34.733009,-120.00938,904.0864
FHOG,34.09354729,-116.9358711316,1588.68972
FLNT,36,-121,44
FMTP,34.4098663513,-118.8941478956,362.79139
FMVT,34.356335,-118.88403,617.0158
FOOT,39.369397,-113.805373,1547.381
FORE,40.51189,-111.38031,1795
FOXG,34.7339127343,-118.2405017315,688.7929
FRED,36.988332,-112.499217,1529.7343
FSHB,32.9449893776,-115.7999436348,135.02174
FUTF,-43.1905392796523,-71.84839541589815,381.8570611997092
FVPK,33,-117,-11
FWBD,44,-117,631
FZHS,34.8001947016,-118.8933845149,1273.74497
GARL,40.416527,-119.355457,1640.2266
GASB,39,-122,1361
GDEC,35.1894170425,-119.8636851707,566.26801
GERD,16.7948384358,-62.1942984852,123.40636
GHRP,34.2038907016,-117.3978984536,628.60888
GLDR,49,-126,-10
GLRS,33.274813,-115.521371,-48.6496
GLWD,46,-121,561
GMAG,34.2914346628,-116.382567488,866.75526
GMPK,33.051085,-114.827345,591.1902
GMRC,34.783998,-115.660229,1298.2136
GNPS,34.308556,-114.18945,232.379
GOBS,45.838819,-120.814676,621.4879
GOGA,33.414741,-83.473218,123.91
GOLD,35,-116,986
GOLY,45,-120,500
GOSH,40.640169,-114.179698,1560.1887
GOUT,39.9133,-111.8954,1514
GR8R,36.399011,-120.415716,206.606
GRCK,48,-117,670
GRE0,12.2217,-61.6404,20
GRMD,46,-123,31
GRNX,63.8355,-148.978192,594.4125
GTA1,-20.56568903989829,-70.18073720332492,107.71319711485792
GTK0,21.432815,-71.14463,-30.703
GTPS,42,-123,278
GTRG,43.244092,-113.241213,1539.1513
GUAP,2.57448,-77.89468,23.56262
GUAX,28.8834071913889,-118.289679133333,43.274
GVRS,34.0474487893,-118.1128984982,154.51111
HAHD,47,-121,854
HALF,44,-117,783
HAR7,35.0115409773,-117.2992135747,590.37402
HBCO,33.7836483973,-118.2857994795,-26.86335
HCES,36.332605,-89.171767,77.9913
HCMN,34.754774,-116.430075,568.7612
HCRO,40.815917,-121.469898,1000.104
HDIL,40.555878,-89.293981,201.064
HELB,36,-119,1105
HELP,36,-119,1120
HIVI,34.76,-117.8,930.88
HLID,43.562581,-114.414045,1769.7075
HLN2,-35.0098916722027,-71.9301851367705,75.61969536755193
HLPN,-36.747826345818645,-73.19025651541699,69.93437075490483
HLSY,44,-123,78
HMTG,33.7080976515,-117.0015050338,577.03295
HNPS,33.705006,-115.635335,393.9484
HOGS,35.866714,-120.479495,762.8554
HOL3,34.4581565159,-117.8451303581,1239.43883
HOLB,50,-128,559
HOLP,33.924541,-118.168176,-6.8
HOPB,38,-123,353
HOPL,38,-123,353
HPIG,26.936782672468365,-105.66399305907302,1766.948086728361
HUNT,35.880811,-120.402383,449.3323
HVWY,44.613601,-110.535962,2406.8178
HVYS,34.44123,-119.18754,373.9685
HWUT,41.607240885,-111.565115452,1715.0735
I40A,34.727325,-115.911448,765.3135
IDOG,33.7967980798,-116.2215158333,434.94972
IDQG,33.7679737548,-116.2389863627,-1.30126
IGUA,18.391967885525425,-99.50240666665046,929.3973375836615
IID2,32.706169,-115.031803,9.812
IMPS,34.157563,-115.1451,563.25
IND1,9.8647,-85.5022,79
INRI,4.90859,-75.89718,931.71742
INSJ,5.0316,-75.85438,979.19837
INTO,4.64222,-76.04278,1015.92239
IQQE,-20.273547820198225,-70.13171258855121,39.46277237799764
IRID,40.1782,-105.0891,1507
ISCO,5.54434309,-87.055831,10.3847
ISGN,34.932189,-4.548291,1640
ISLK,35.662271,-118.4743,823.3664
IWAW,-1.934605,29.147255,1516
JAS1,32,-116,97
JASR,37,-122,93
JCT1,30.479407,-99.801075,571.8277
JEFF,19.942376719,-155.863980353,31.05
JFWS,42.91426,-90.2481,294.688
JLN5,35,-120,141
JME2,18.235022,-72.538436,6.6
JNHG,34.44906515,-117.9554411622,1276.18457
JOBO,48,-122,-11
JPLM,34,-118,424
JRSC,37,-122,144
KAEO,21.215422,-157.226747,170.155
KANZ,-1.646348,29.378114,2300
KBRC,34.398527,-119.008196,370.5034
KENI,46,-119,146
KKAI,19.065899,-155.799029,411.945
KKN4,27.800733,85.278804,1896
KLTS,46,-118,257
KMBR,-1.827366,29.292592,1473
KOOT,47,-116,686
KSU1,39.100744,-96.609471,326.621
KTBW,47.54732,-122.795418,491.5781
KTMT,54,-128,90
KUAH,19.051218,-155.57656,206.221
KUGE,27.61842,85.53854,1511
KVTX,27.545946,-97.892874,-1.271
KYVW,33,-116,1498
L134,40.061278944,-105.2062111667,1573.264
LAB1,1.85524,-76.09157,1311.60495
LACR,40.85072,-115.70376,1666
LAND,35.89979,-120.473283,568.5613
LAPC,34.181921,-118.574649,207.8148
LBC1,33.83207018,-118.13718458,-21.9426
LBC2,33.791611503,-118.1732466558,-28.42686
LBCH,33.7877725577,-118.2033483868,-27.55603
LCRS,46,-117,441
LCSO,44,-123,88
LDES,34.267339,-116.432803,978.0673
LDSW,34.699427,-116.209142,640.944
LEDE,1.56647,-76.95106,2784.65026
LEE2,34.1346,-118.3218,484.873
LEEP,34,-118,485
LEMA,36,-119,35
LEME,12.42748,-86.90963,78
LEWI,40.403513,-116.861873,2916.6946
LFLO,43,-124,-6
LFRS,34.09507,-118.412824,146.9124
LGWD,33.64089675,-117.76445349,88.864
LINH,47,-120,472
LINJ,34.6620231505,-118.139204115,721.24008
LJRN,34.8075247711,-118.8677447275,1422.47362
LKCP,47.94438,-121.830853,178.3064
LKHG,33.2360072077,-116.7587675596,823.30129
LKWY,44.565076,-110.40022,2424.3976
LL01,34.4854593201,-117.8349590439,1005.32939
LLAS,34.5859762487,-117.837934608,812.49694
LMHG,33.7442016556,-117.391286667,464.5423
LMID,46,-120,212
LMNL,10.26752,-85.05331,100
LMSG,33.81741,-117.44507,412.97
LMUT,40.2614203,-111.928314,2311.989
LNDC,36,-119,144
LNIG,24.898143692216944,-99.46557934038668,275.77207793842314
LNMT,35.090202,-116.939652,1345.3171
LOMP,34.6909231688,-120.4465841223,63.56632
LONG,34.1119017065,-118.0034149122,74.3101
LORS,34.133326,-117.754069,448.9042
LOWS,35.828709,-120.594283,428.6658
LOZ1,44.619707,-74.582932,443.9172
LPCG,34.3148647883,-117.5463667233,1315.29394
LPHS,34.026771417,-117.9567248021,68.50565
LPIG,24.100996651654366,-110.309286830889,16.376497828200844
LPSB,44,-123,117
LRRG,34.5270603616,-118.0299911482,875.02765
LSIG,47,-121,527
LTAH,47,-117,736
LTUT,41.592099,-112.246838,1564.946
LUTZ,37,-121,94
LVEG,19.222749,-70.531087,125
LVFP,17.9811,-67.0082,-19.311
LVLP,18.014868,-66.980141,-35.407
LVMS,34.7336073089,-119.1036903729,1543.09421
LWCK,46,-124,39
LWST,46,-117,427
MAHU,20.191949,-155.894755,98.5
MAKA,6.33668,-72.66202,1632.1215
MANA,12.1489369,-86.248994,71.04
MASW,35.832596,-120.443058,713.741
MAT2,33.85676,-117.436697,398.3213
MAWY,44.973428,-110.689301,1824.2557
MBAK,48,-121,1288
MBGP,17.93599,-66.936766,5.331
MBIG,32.408911849816704,-115.19598961955124,-21.455445606228576
MCCM,38,-122,-3
MCIG,27.877051513437547,-101.4837026262046,458.6567887686264
MCLM,38,-122,703
MDMT,42.418341,-121.221601,1710.544
MDRS,44,-121,735
MEE1,36.186903,-120.758601,788.7707
MEE2,36.180523,-120.766845,681.4367
MGRB,48,-124,852
MHC2,37,-121,1261
MHCB,37,-121,1261
MHDL,37,-122,65
MHLD,37,-122,65
MIDA,35.921912,-120.45883,570.6897
MIG1,34.038258,-120.35139,130.9455
MILK,34.1368335042,-118.1262601633,243.30118
MILP,37,-121,334
MINE,40.148366,-116.095512,2075.6451
MIPR,17.886255,-66.526682,-7.7769
MJPK,33,-117,1527
MKAH,48,-124,23
MLAN,19.942376719,-155.863980353,31.05
MLFP,33.918403,-117.317957,472.9814
MLKE,47,-119,314
MNMC,35.969471,-120.434051,1061.9216
MNRC,38,-122,707
MODB,41,-120,1567
MOIL,40.7107,-115.41208,2197
MOM0,12.406096,-86.540878,395.665
MONB,37,-121,750
MONP,32,-116,1842
MONT,46,-123,8
MOPR,18.076904,-67.931154,-38.3
MORA,8.95891,-73.68301,62.35219
MOUM,37,-121,965
MPUT,40.015599,-111.633629,1829.1684
MPWD,34.295511,-118.878015,190.2577
MRIB,49,-123,-7
MRSH,38,-122,155
MSCG,34.038502375,-116.6479618635,913.09288
MSHP,37,-121,171
MSOB,34.2308453353,-117.2101288002,1733.20873
MTA1,34.05521943,-118.24550344,72.591
MTGG,33.1991646272,-116.647229572,1066.72774
MTPK,37,-121,750
MULN,36,-120,25
MUSB,37.16994092,-119.309351,2042.5353
MVFD,33,-116,1190
MZAL,5.03,-75.47052,2101.21961
MZNT,45.6985,-123.9303,9
NANO,49,-124,6
NARL,48,-122,25
NAS0,25.052559,-77.462256,-16.476
NAST,27.6567,85.327729,1337
NAYX,32.32429,-115.295514,-24.1
NCSB,50,-126,1285
NDAP,34.767688,-114.618629,241.3902
NEAH,48.297855,-124.624907,459.8761
NEWS,39.685617,-117.508936,1770.2546
NHRG,34.49865,-119.14124,1649.419
NINT,47,-121,127
NOCO,33.9197105938,-117.5695850861,186.81968
NOMT,45.596919,-111.629821,1578.0412
NOSE,43.9121,-123.739,815
NRWY,44.714848,-110.677717,2342.7
NSSS,32,-116,123
NWBG,45,-122,42
NWBL,16.820271,-62.20271,146.7
NYBA,-1.762367,29.349644,2246
OAES,34.141005,-116.067736,604.7918
OAKR,43,-122,375
OAMU,5.64721,-73.55803,2109.59798
OAXA,17.072539112401774,-96.73302417135076,1719.4277777194889
OCEN,46,-124,-17
OCSD,33.24066689,-117.34673488,42.8963
ODOT,44,-123,51
ODSA,47,-118,468
OEOC,33,-117,358
OFW2,44.451107,-110.83115,2280.4578
OHLN,38,-122,0
OK05,36.4322,-96.89361111,274
OKNG,48,-119,271
OLAR,46,-122,41
OLMP,47,-122,2
OLO1,-2.7342,35.95,988
OLO3,-2.753983,35.871394,1483
OLO5,-2.6336855,35.8893321,657
OLO6,-2.7087,35.9055,926
OLO7,-2.79694,35.91232,1441.704
OLO8,-2.784635,35.9475,1289.16
OLO9,-2.751567,35.86994,1449.26
OLVN,16.7504267883,-62.2277,38.77327
ONTO,44,-116,646
OPBL,34.36988,-115.91806,1226.5495
OPCL,34.42772,-116.30546,1312.9114
OPCP,34.367129,-116.083372,1096.6705
OPCX,34.430082,-116.149484,1133.8286
OPRD,34.53303,-116.29228,1400.231
ORES,34.739059,-120.278557,143.8524
ORMT,34.674904,-116.815091,1893.3457
OROV,48,-119,311
ORVB,39,-121,340
OSOR,-40.5972447246538,-73.10361818216082,84.34732868222143
OTHL,46,-119,314
OVLS,34.327359,-119.141946,69.218
OVSC,1.21019,-77.25663,2634.16185
OXMT,37,-122,209
OXPE,15.88871,-97.07526,73.532
OXTH,16.2863,-95.2408,39
OXUM,15.66227,-96.49903,79.969
OXYC,34.12881088,-118.207311687,209.83
OYLR,47,-122,25
OZST,34.68337,-119.353406,1059.1764
P001,31.949373,-112.80169,475.587
P002,39.521139,-117.186531,1741.6978
P003,32.722545,-114.004952,50.9807
P004,34.78438,-112.15197,1792.622
P005,39.91017,-115.27861,2016.321
P006,36.154183,-114.456898,365.986
P007,41.724196,-114.819698,1687.207
P008,36.142817,-111.130035,1522.878
P009,38.479931,-112.222714,1761.521
P010,34.66726,-113.73133,1399.869
P011,36.149828,-109.519227,1728.5081
P012,38.097433,-109.333835,1788.5064
P013,41.428737,-117.329979,1433.989
P014,31.97289,-111.09858,1068.889
P015,34.263811,-110.009485,1930.2094
P016,40.078122,-112.361402,1730.5158
P017,41.2757,-119.9359,2407
P018,42.98168,-117.06452,1434
P019,43.300191,-115.311647,1682.963
P020,47.002209,-118.56577,480.1252
P021,48.674693,-118.730253,1163.1622
P022,45.231786,-118.013772,888.118
P023,44.898428,-116.10299,1522.138
P024,47.56220217,-115.842434,1907.6294
P025,48.731009,-116.287495,695.894
P026,32.658961,-107.194873,1236.8687
P027,32.801854,-105.804149,2897.775
P028,36.031685,-107.908408,1933.1244
P029,38.439186,-107.63803,2456.208
P030,41.749815,-110.51281,2149.7828
P031,39.515497,-107.908671,1657.6145
P032,41.741673,-107.255923,2167.3034
P033,43.952899,-107.387547,1375.8603
P034,34.94562,-106.459266,1810.9221
P035,34.601393,-105.183602,1780.3703
P036,36.420275,-105.293653,2529.9144
P037,38.421754,-105.104683,1616.883
P038,34.147255,-103.407338,1212.9671
P039,36.448113,-103.153954,1493.5943
P040,38.071499,-102.686979,1102.6449
P041,39.949492,-105.194266,1728.8417
P042,42.051506,-104.910594,1422.4458
P043,43.881146,-104.185702,1490.9329
P044,40.171791,-103.222484,1411.0447
P045,45.382874,-112.617189,1618.201
P046,47.02959,-113.331718,1290.851
P047,48.42133,-113.21973,1476.082
P048,45.653038,-111.204196,1492.595
P049,47.349964,-110.906232,1186.0631
P050,48.809477,-111.248431,1266.8876
P051,45.806601,-108.546144,1081.0981
P052,47.374736,-107.018676,858.637
P053,48.72608021,-107.725419,814.9878
P054,45.846349,-104.441419,1093.1085
P055,47.116714,-104.685123,667.7602
P056,36.027437,-119.062869,101.9164
P057,41.756571,-112.623139,1382.2135
P058,40.876306,-124.075369,21.4178
P059,38.92834,-123.72618,-10.815
P060,40.997632,-122.414884,430.822
P061,42.967378,-124.014015,162.7699
P062,43.112383,-121.090698,1350.724
P063,44.922722,-120.946153,965.4057
P064,47.969842,-123.487688,1571.032
P066,32.616524,-116.169785,822.8926
P067,35.551751,-121.002959,107.0123
P068,39.30564,-117.98477,1456.51
P069,39.287941,-117.604895,1886.3892
P070,36.04478,-104.69799,1884.511
P071,39.346548,-117.40118,2085.3524
P072,39.521456,-116.740896,2061.1924
P073,39.50052,-116.424456,1943.256
P074,39.546423,-116.049583,1948.322
P075,39.374239,-115.888803,1882.262
P076,39.53606,-115.51258,2006.701
P077,39.388557,-115.43181,2334.86
P078,40.433335,-117.879778,1462
P079,39.255205,-114.691643,2747.043
P080,39.11943,-114.2772,1973.58
P081,39.067307,-113.871327,1588.1354
P082,39.26893,-113.505194,1381.694
P083,40.320577,-117.467622,1643.269
P084,40.493953,-113.054003,1432.7975
P085,40.495457,-116.736198,1661.8
P086,40.648795,-112.282072,1341.5013
P087,40.3632,-116.27925,2359.015
P088,40.771764,-111.722878,1921.179
P090,39.572799,-119.799838,1504.217
P091,36.61432,-117.531527,1967.517
P092,36.80419,-117.406788,2157.714
P093,36.606021,-117.99413,1339.723
P094,37.200832,-117.70418,1729.866
P095,39.698431,-119.536904,1608.8037
P096,39.795561,-119.305627,1243.868
P097,39.838802,-118.873845,1210.948
P098,39.88888222,-118.68441411,1286.5738
P099,39.21232,-118.15934,2456.263
P100,41.856796,-113.294201,1884.12
P101,41.692274,-111.236016,2016.1229
P102,39.924917,-115.555993,2718.732
P103,39.34514055,-113.042077,1491.3826
P104,39.186083,-112.71712,1397.5703
P105,39.387544,-112.504088,1431.4886
P106,39.458957,-112.262345,1559.5321
P107,35.132181,-107.88002,1991.6686
P108,39.588879,-111.944551,1683.2415
P109,39.59748,-111.65082,1761.687
P110,39.715228,-111.571142,2266.209
P111,41.81732,-113.012156,1366.2173
P112,39.816906,-111.449996,1930.3728
P113,40.671305,-113.278033,1317.6275
P114,40.633986,-112.527629,1352.3629
P115,40.47442,-112.42798,1642.704
P116,40.43402,-112.014215,2035.461
P117,40.435164,-111.751423,1628.9487
P118,40.635489,-111.349868,2082.5953
P119,40.731786,-111.257731,2045.3999
P120,35.007451,-105.626065,2090.661
P121,41.803388,-112.69829,1452.4432
P122,41.635364,-112.331916,1293.1916
P123,36.635172,-105.910846,2411.1988
P124,41.55759,-111.95735,1773.639
P125,41.589022,-111.898912,1522.112
P126,41.583239,-111.780527,1872.42
P127,39.499214,-119.599924,1523.9348
P128,39.48609,-119.06863,1320.581
P129,39.133889,-118.449588,1714.712
P130,39.268035,-118.937759,1380.0671
P131,39.454681,-118.351253,1825.647
P132,38.72884,-118.00485,1550.309
P133,38.7246,-118.4602,1782.415
P134,38.98087,-118.9304,1886.571
P135,38.704622,-119.015371,1692.1404
P136,38.761367,-119.458526,1773.2702
P137,40.77979,-119.47675,1332.316
P138,40.24217836,-119.01016464,1243.7123
P139,39.9082,-119.72244,1523.547
P140,38.829235,-120.693194,1079.2216
P141,39.0468,-120.3857,2133
P142,39.12354,-119.81072,1782.358
P143,38.760162,-119.764821,1734.138
P144,39.466699,-120.89297,1437.424
P145,41.357688,-119.624326,1755.1957
P146,39.337459,-120.537284,2347.844
P147,39.937382,-120.284398,2489.437
P148,40.418584,-120.805946,1585.068
P149,39.60212988,-120.104975,2634.6887
P150,39.29238024,-120.033854,2619.0912
P151,40.28890152,-120.077264,1313.0511
P154,41.807078,-123.360034,320.325
P155,41.27243,-123.18877,1784.537
P156,40.024442,-123.906116,488.9943
P157,40.247546,-124.308072,695.8108
P158,40.42249,-124.107208,873.6918
P159,40.50478,-124.28277,608.639
P160,40.551251,-124.133271,94.2332
P161,40.637363,-124.213085,32.4526
P162,40.691094,-124.237037,-6.4479
P163,40.219571,-124.057289,425.2537
P164,40.119256,-123.693339,1148.3168
P165,40.245548,-123.853264,545.6348
P166,40.435183,-123.862828,665.2745
P167,40.543704,-123.880177,1021.1503
P168,40.668637,-123.881459,1093.4662
P169,40.791144,-123.967652,689.3801
P170,40.880232,-123.863281,918.1216
P171,36.485523,-121.792517,572.759
P172,36.22807,-121.76723,313.183
P173,35.94571615,-121.290334,339.2363
P174,36.30215,-121.05088,342.688
P175,36.425902,-121.134856,451.3738
P176,37.47177,-122.35712,434.35
P177,37.52816,-122.49504,72.313
P178,37.534513,-122.332347,129.602
P179,42.098967,-123.685555,402.615
P180,36.29283,-121.40322,693.76
P181,37.914544,-122.376755,72.2289
P182,38.495009,-123.181229,397.291
P183,38.313662,-123.068886,10.4155
P184,39.117159,-123.70892,109.425
P185,39.261298,-123.749319,146.823
P186,39.15017804,-123.51815189,372.8172
P187,39.352477,-123.60254,164.0094
P188,38.667851,-123.229547,209.365
P189,38.987448,-123.348428,176.9469
P190,39.241955,-123.204047,202.8163
P191,42.275351,-123.632247,371.795
P192,39.319728,-123.105188,259.7105
P193,38.12294,-122.9081,67
P194,38.18571,-122.816241,235.637
P195,38.66466,-122.959292,147.336
P196,38.298143,-122.742641,90.5481
P197,38.42856,-122.767385,0.0232
P198,38.259874,-122.607449,-4.6018
P199,38.263691,-122.503438,55.6784
P200,38.239831,-122.451701,-25.0739
P201,38.5598,-122.65842,349.856
P202,38.42358,-122.49599,585
P203,38.866107,-122.916989,927.193
P204,38.666495,-122.710518,277.175
P205,39.39812,-122.96307,771.0815
P206,38.777817,-122.575793,283.6178
P207,39.2600449085,-122.7185672244,1826.59851
P208,39.109302,-122.303869,74.3029
P209,37.069248,-122.126698,577.69
P210,36.816136,-121.731841,3.0466
P211,36.87917,-121.698021,61.082
P212,36.96201,-121.862732,36.5907
P213,37.201712,-121.990835,167.1039
P214,37.00101,-121.79655,73.833
P215,37.04878,-121.762933,709.155
P217,37.104497,-121.650631,72.2929
P218,37.203514,-121.713959,82.7157
P219,37.34248942,-122.284821,300.8833
P220,37.329881,-122.214268,705.804
P221,37.336946,-122.099033,155.828
P222,37.539239,-122.083263,53.4959
P223,37.72205,-122.09976,140.488
P224,37.863896,-122.219059,407.3616
P225,37.713865,-122.058327,117.1601
P226,37.336775,-121.825585,5.0729
P227,37.532974,-121.789597,707.4271
P228,37.601836,-121.686936,399.0248
P229,37.749435,-121.977955,289.3338
P230,37.818964,-121.786399,648.0147
P231,36.62167,-121.905393,-25.779
P232,36.724014,-121.579024,105.889
P233,36.800421,-121.420268,197.398
P234,36.858525,-121.591225,92.5474
P235,36.814266,-121.541524,362.255
P236,36.903544,-121.55446,56.1497
P237,36.637017,-121.386813,712.117
P238,36.849079,-121.452767,44.9001
P239,36.96246,-121.54777,19.059
P240,37.007806,-121.542032,25.7487
P241,37.21301077,-121.57425956,834.2314
P242,36.953931,-121.463182,14.7886
P243,36.91818873,-121.33515223,220.7553
P244,37.010823,-121.354517,58.7177
P245,37.71312,-119.70612,1577
P247,36.559517,-121.188432,569.0757
P248,37.975604,-121.868682,230.345
P249,36.611645,-121.064411,1155.724
P250,36.950031,-121.268423,585.235
P251,36.811449,-121.347949,128.2228
P252,37.169555,-121.057729,40.1538
P253,37.478446,-121.652994,1065.61
P254,37.489628,-121.469181,1076.734
P255,37.581885,-121.324852,73.5236
P256,37.931964,-121.604839,-30.6873
P257,37.755291,-121.464034,-24.6853
P258,37.385385,-121.283257,391.361
P259,37.43302,-121.100579,3.8736
P261,38.15296,-122.217539,118.1807
P262,38.025148,-122.096143,-8.5604
P263,38.5777,-122.42917,555
P264,38.444215,-122.195329,231.0486
P265,38.530185,-121.954194,8.0781
P266,38.183968,-121.843526,22.4679
P267,38.380335,-121.823234,-17.4698
P268,38.473526,-121.646411,-23.9231
P269,38.99945,-122.35439,325
P270,39.24377,-122.055212,-12.3082
P271,38.65735,-121.714549,-18.1944
P272,39.145482,-121.943062,-12.0474
P273,38.115812,-121.388077,-26.3992
P274,38.283123,-121.460512,-27.7892
P275,38.321529,-121.214586,-5.234
P276,38.645308,-121.095164,207.2723
P277,37.19238,-122.36687,117
P278,35.711251,-121.060752,465.8736
P279,35.79064668,-121.0620156,469.9232
P280,35.544053,-120.347604,476.4243
P281,35.8411,-120.3895,383.8
P282,35.837808,-120.345213,394.6787
P283,35.806669,-120.285255,434.1905
P284,35.933259,-120.906843,512.233
P285,36.417179,-120.981481,805.7353
P286,36.515904,-120.85304,539.412
P287,36.024834,-120.69783,609.7619
P288,36.140206,-120.8789,397.716
P289,36.10684,-120.7488,541.241
P290,36.178939,-120.728252,987.7468
P291,35.922771,-120.644754,661.965
P292,36.00746,-120.47527,1016
P293,36.089359,-120.542978,539.451
P294,36.123236,-120.439882,509.3942
P295,35.697076,-120.842381,583.4905
P296,36.05165,-120.363546,265.92
P297,35.974085,-120.551857,629.306
P298,36.015837,-120.294044,323.849
P299,36.256814,-120.710182,809.968
P300,36.304427,-120.27698,137.2963
P301,36.806291,-120.743052,89.229
P302,36.634727,-120.618575,122.6695
P303,37.054383,-120.705295,-1.7224
P304,36.739004,-120.356598,17.2246
P305,37.352214,-120.196758,96.0555
P306,37.795167,-120.644458,82.5194
P307,36.94727,-120.057919,49.5085
P308,37.90114,-119.84019,1502
P309,38.08999,-120.951237,41.4129
P310,38.7356,-120.33432,1791.893
P311,37.17756281,-118.519801,3698.6484
P312,39.529178,-123.698374,254.9418
P313,39.554288,-123.564544,651.7756
P314,39.685663,-123.581847,1251.9486
P315,39.863582,-123.716895,257.9339
P316,41.559129,-124.086129,235.404
P317,39.90567,-123.551849,1118.6669
P318,39.452369,-123.371853,594.9515
P319,39.707097,-123.295078,513.0226
P320,39.49282677,-123.186785,392.4294
P321,39.89722003,-123.394947,1133.6842
P322,39.96214382,-123.182482,1433.9222
P324,40.256838,-123.655737,509.3602
P325,41.151665,-123.882592,914.979
P326,40.575314,-123.69893,1261.6763
P327,40.47886033,-123.573064,710.0611
P329,40.08221,-123.45203,1035.063
P330,40.324065,-123.135566,1653.456
P331,40.73291,-123.324127,1542.427
P332,40.54665,-123.174504,684.5021
P333,39.621377,-122.975738,2009.324
P334,39.493588,-122.735856,1936.726
P335,39.7261900821,-122.8736366522,2229.49791
P336,39.528076,-122.430468,287.219
P337,40.296185,-122.868789,1193.768
P338,40.747553,-122.923028,672.216
P339,40.034106,-122.668234,980.049
P340,39.40933,-123.04981,865.232
P341,40.650656,-122.6069,406.8486
P343,40.887124,-123.334195,1617.914
P344,39.929119,-122.027956,50.289
P345,40.271234,-122.270806,134.0829
P346,39.7947,-120.86745,2039.37
P347,41.18334,-120.94845,1269.3
P348,40.905546,-121.828002,1668.0733
P349,40.731086,-122.319351,275.4015
P350,43.5327575,-114.862838,2388.3
P351,43.87441464,-114.719163,2692.6076
P352,43.84905901,-114.096075,2474.6709
P353,44.0545385,-113.978801,2041.0086
P354,44.108511,-113.97894,2000.2929
P355,44.2179226,-113.722086,2329.2
P356,43.816631,-110.489097,2228.406
P357,44.22710523,-113.581892,2295.3447
P358,44.401892,-113.24065,2419.993
P359,43.48249,-111.52949,2117.12
P360,44.317852,-111.450677,1857.861
P361,44.560342,-111.439675,2931.567
P362,42.209099,-124.225773,1012.789
P363,42.860059,-124.054033,70.769
P364,43.090323,-124.409274,6.803
P365,43.395514,-124.253466,27.472
P366,43.61431064,-123.979594,529.0887
P367,44.585242,-124.061555,23.272
P368,42.503525,-123.38342,319.4387
P369,43.140105,-123.42946,190.045
P370,42.190987,-122.656371,555.0545
P371,43.363274,-123.057899,1198.0653
P372,45.42813759,-117.25165743,1208.3142
P373,43.622519,-123.333274,169.9314
P374,44.381926,-123.59064,73.2233
P375,44.68925,-123.426971,99.572
P376,44.94120281,-123.102266,180.8644
P377,44.052119,-122.887058,142.4087
P378,44.534978,-122.930866,83.51
P379,44.4965,-122.577028,1222.146
P380,42.25967,-121.779697,1390.8299
P381,43.001772,-119.951788,1567.949
P382,43.17705663,-121.769574,1453.2353
P383,44.34218451,-122.21722,1295.5936
P384,44.84113055,-122.482818,1182.5761
P385,44.434844,-121.945818,1121.224
P386,44.402823,-118.967801,1103.973
P387,44.296752,-121.574461,963.041
P388,42.46878,-120.37761,1405.7496
P389,43.811988,-120.603345,1397.891
P390,43.034,-118.92847,1555.358
P391,42.25462924,-118.412473,1834.2305
P392,43.446754,-119.000985,1316.038
P393,43.234491,-117.892023,1238.852
P394,44.834876,-117.799622,1011.195
P395,45.022279,-123.857527,53.0394
P396,45.309351,-123.823049,232
P397,46.421615,-123.799144,566.619
P398,46.92578,-123.916129,23.808
P399,47.43391969,-123.612961,919.4293
P400,47.51391,-123.8118,87
P401,47.937188,-124.557019,36.2074
P402,47.766217,-124.305881,23.992
P403,48.06236,-124.14086,284.6646
P404,45.158534,-123.390328,79.0413
P405,45.629327,-123.643757,955.6666
P406,45.190372,-123.152256,27.2875
P407,45.954649,-123.931006,-13.1074
P408,46.200502,-123.376586,35.2891
P409,45.851294,-123.239477,177.3003
P410,46.11114161,-123.078606,173.128
P411,45.537993,-123.157417,83.3982
P412,45.2211,-122.58909,53.598
P413,48.42651175,-120.149584,501.2769
P414,45.83486852,-122.692837,63.8521
P415,46.655991,-123.729866,-15.4061
P416,47.03994,-121.59693,1576.5268
P417,46.574738,-123.29793,102.488
P418,47.23664,-123.407797,115.469
P419,47.40929859,-123.366526,935.9887
P420,46.588602,-122.866332,74.1164
P421,46.531856,-122.429229,220.5774
P422,46.797861,-116.979668,844.205
P423,47.287904,-122.94121,39.967
P424,47.82318382,-122.874713,-1.5792
P425,46.45269385,-122.845399,64.2789
P426,47.80287,-122.514569,3.657
P427,45.430179,-122.340631,149.2114
P429,45.676128,-121.87736,25.5712
P430,47.003844,-123.436222,-4.3983
P431,46.572077,-121.988437,1423.091
P432,46.622856,-121.68323,318.8856
P433,44.5328,-119.8716,1185
P434,47.7402025,-121.075609,1698.0334
P435,48.059549,-123.503278,287.3433
P436,48.045303,-123.134348,190.8794
P437,48.001805,-122.459141,12.802
P438,48.419143,-122.670246,-9.598
P439,48.708193,-122.909303,-13.867
P440,48.856193,-122.493341,6.3607
P441,48.91597874,-122.139642,115.2
P442,48.26048,-121.615549,146.8887
P443,48.50964768,-121.28556,1062.1105
P444,48.730219,-121.067547,493.868
P445,45.590123,-120.672246,436.0828
P446,46.115658,-122.892771,-16.095
P447,45.452816,-119.690108,471.654
P448,45.910579,-120.0052,261.4617
P449,46.259792,-119.630996,208.4506
P450,45.953335,-119.544194,163.69
P451,46.792787,-119.041361,351.4491
P452,47.403549,-119.487282,323.0625
P453,47.759133,-118.745456,644.231
P454,47.953816,-118.992578,478.952
P455,44.485563,-112.728534,2594.547
P456,44.86349,-111.22511,2956.2914
P457,45.041222,-111.272619,2262.538
P458,44.765682,-111.301496,2394.501
P459,43.748323,-110.745796,2136.279
P460,45.139986,-111.028594,2197.8176
P461,45.35425,-110.758683,1544.0826
P462,36.071312,-116.628694,1335.117
P463,36.02246,-117.16469,1355
P464,36.159042,-117.409986,912.218
P465,36.466829,-118.132419,2902.264
P466,36.53124,-117.78944,2751
P467,36.570202,-118.090623,1380.1261
P468,36.975678,-118.118348,2853.955
P469,37.23142,-117.93581,1795
P470,34.462404,-117.393888,991.3835
P471,33.562124,-117.540864,174.7547
P472,32.889208,-117.104693,137.8629
P473,32.733775,-116.949513,188.5841
P474,33.355192,-117.24869,182.926
P475,32.66639,-117.243919,-24.261
P476,33.439648,-117.189675,309.7667
P477,33.5028,-117.11337,334.5322
P478,33.235714,-117.071589,371.5899
P479,33.493317,-116.782928,1093.8373
P480,32.975995,-116.348534,436.0347
P481,32.822234,-116.010775,611.676
P482,33.240178,-116.671411,878.7179
P483,33.059163,-116.569323,1375.5611
P484,33.375592,-116.620836,1382.4815
P485,33.210211,-116.409038,372.1442
P486,33.260191,-116.322284,126.3021
P487,33.213526,-116.183057,90.988
P488,33.20101,-116.078795,62.48
P489,33.296208,-116.111593,291.065
P490,33.523457,-116.42589,2623.183
P491,33.574678,-116.226823,4.2411
P492,32.887043,-115.969435,69.612
P493,32.954698,-115.824876,198.225
P494,32.759655,-115.732065,-44.3328
P495,33.04496,-115.628392,-83.9901
P496,32.750626,-115.595952,-40.1417
P497,32.834735,-115.57703,-51.0537
P498,32.89843,-115.569564,-58.0605
P499,32.979607,-115.487912,-74.1903
P500,32.690047,-115.299931,-20.5964
P501,32.875757,-115.397912,-55.6872
P502,32.982452,-115.421911,-66.0587
P503,32.94891,-115.720167,32.94891
P504,33.516411,-115.765846,84.0096
P505,33.423874,-115.686999,-57.7931
P506,33.081431,-115.510197,-83.373
P507,33.199977,-115.612404,-78.3696
P508,33.247781,-115.428704,10.6892
P509,32.890664,-115.293917,-29.6093
P510,33.143575,-115.343332,1.5221
P511,33.886935,-115.2961,273.3408
P512,37.562635,-119.694447,1344.7265
P513,34.907257,-120.650156,285.195
P514,35.010714,-120.409748,140.9134
P515,34.870553,-120.239849,290.6274
P516,35.1062,-120.38339,262.9758
P517,34.37636542,-118.177572,1959.1613
P518,35.02003,-120.07529,1102.432
P519,34.507814,-119.792433,810.954
P520,34.63048,-119.61639,1251.49
P521,34.88856,-119.81534,1709.738
P522,35.08661122,-119.536062,991.0873
P523,35.304449,-120.860271,41.3699
P525,35.425761,-120.808125,271.978
P526,35.635973,-120.869735,416.849
P527,35.754138,-120.604737,348.557
P528,35.327805,-120.545432,367.966
P529,35.440451,-120.353827,437.3297
P530,35.6248,-120.480432,388.3735
P531,35.79268,-120.53658,440.731
P532,35.633811,-120.267025,533.2403
P533,35.747929,-120.370952,603.1936
P534,37.061225,-122.237594,204.812
P535,35.235122,-120.101405,572.184
P536,35.279767,-120.025019,665.3619
P537,35.316795,-119.935339,581.7995
P538,35.534168,-120.112484,641.786
P539,35.702673,-120.182049,601.0926
P540,35.801279,-120.130635,393.6623
P541,35.686731,-120.000677,209.1892
P542,35.68896,-120.2926,606
P543,35.318992,-119.71322,544.0311
P544,35.731268,-119.738034,33.655
P545,35.499838,-119.535792,51.417
P546,35.927904,-120.154884,635.2459
P547,35.934703,-119.90936,45.8728
P548,34.46697,-119.50386,1200
P549,34.5996,-119.326338,1250.2763
P550,34.660078,-119.114604,1526.792
P551,34.856198,-119.154569,1550.2888
P552,35.6867,-120.245,612
P553,34.835094,-118.878967,1335.8353
P554,34.792292,-118.848013,1170.844
P555,34.69499,-118.66941,1096.684
P556,34.771108,-118.545452,852.6284
P557,34.944385,-118.655586,1818.2068
P558,35.138605,-118.611654,1411.4388
P559,34.838909,-118.617597,927.7012
P560,34.82181,-118.540866,838.3039
P561,34.618459,-118.399054,974.4039
P562,34.982133,-118.188744,1241.0709
P563,35.418669,-119.421165,56.6451
P564,35.62291,-119.34938,61.729
P565,35.743893,-119.236652,63.1034
P566,36.324454,-119.229286,78.233
P567,35.420946,-118.753576,706.313
P568,35.254302,-118.126498,1301.9
P569,35.377964,-118.123752,1276.405
P570,35.667348,-118.260038,810.8728
P571,36.231366,-118.766715,914.1873
P572,36.585511,-118.954581,1167.945
P573,36.09309425,-118.260498,2441.3863
P574,34.28676918,-117.633885,2873.7676
P575,34.21551,-117.542162,1928.4077
P576,35.669661,-120.969998,324.4109
P577,34.304605,-117.318912,999.5331
P578,35.69451,-120.23883,557
P579,35.038762,-118.005764,834.2081
P580,35.62094475,-117.19222519,1666.429
P581,34.509738,-117.729001,972.7884
P583,34.987003,-117.543392,730.7603
P584,33.892602,-116.95164,738.7379
P585,34.019343,-116.545732,958.868
P586,34.534843,-117.28052,809.3925
P587,34.33223293,-118.031337,1600.7703
P588,34.785437,-117.267599,709.7864
P589,34.620667,-117.110189,1148.0642
P590,35.11677695,-117.36475,678.5257
P591,35.152424,-118.016474,708.8334
P592,35.23844,-117.30366,1048
P593,35.387865,-117.205045,1376.494
P594,35.896711,-117.390132,937.4172
P595,35.69756,-117.402835,644.4333
P596,35.998173,-116.889509,431.19
P598,34.192457,-116.710253,2747.181
P599,34.21717,-116.537464,1323.8488
P600,33.865846,-116.211875,792.0758
P601,33.959297,-116.080227,1242.6331
P602,35.7292,-120.22738,686
P603,34.716902,-116.02949,625.444
P604,34.93683,-116.67145,588.4287
P605,34.341,-117.93663,2419.7083
P606,34.462064,-116.879623,863.3551
P607,33.74104,-115.820652,958.7182
P608,33.99409,-115.68652,655
P609,34.062681,-116.892803,2721.945
P610,34.425747,-115.763724,343.8461
P611,35.204774,-115.649811,1333.0259
P612,34.187382,-117.315516,531.7175
P613,34.196185,-117.049948,2355.858
P614,34.73179,-115.250249,491.765
P615,35.204609,-116.762909,995.1514
P616,35.42454,-117.89328,1085
P617,35.320643,-116.571644,887.6913
P618,35.14189,-116.103931,263.3655
P619,35.52594815,-116.121803,388.9497
P620,35.78536,-116.14491,669.449
P621,35.472761,-115.54395,1420.5134
P622,35.162992,-115.365864,1524.4692
P623,34.188934,-114.599404,267.7577
P625,34.844439,-114.96513,607.551
P626,35.291119,-115.238277,1442.7673
P627,37.973097,-118.37851,2342.761
P628,37.934226,-119.249338,2925.024
P629,37.3758664,-119.179372,2725.6721
P630,37.613036,-119.000441,2740.5906
P631,37.605321,-118.915924,2660.397
P632,37.78565,-119.08606,2412
P633,37.91345998,-119.032987,2293.0197
P634,37.696588,-119.025765,2468.048
P635,37.839309,-119.137975,2484.787
P636,37.962767,-119.146691,2739.657
P637,37.91410551,-119.083698,2031.6741
P638,37.73432,-118.94348,2491.9
P639,37.654558,-118.868693,2339.859
P640,37.891734,-118.960392,2201.514
P641,37.87819151,-118.851918,2527
P642,37.591363,-118.816655,2667.985
P643,37.56155,-118.69815,2122.597
P644,37.495388,-118.684387,3459.253
P645,37.54127357,-118.593456,2008
P646,37.67703,-118.819972,2102.583
P647,37.75436378,-118.767703,2235.5
P648,37.800011,-119.019197,2572.982
P649,37.903452,-118.736215,2154.551
P650,37.891272,-118.554886,2298.795
P651,37.563105,-118.386968,1317.341
P652,37.589154,-118.238437,3865.985
P653,37.737495,-118.471645,1826.91
P654,38.05793,-119.150174,2054.062
P655,41.294481,-122.206306,1542.99
P656,41.344835,-122.195822,2399.075
P657,41.381235,-122.293833,1684.897
P658,41.479173,-122.190896,1915.633
P659,41.453729,-122.092648,1791.539
P660,41.409587,-122.06766,1587.657
P661,41.463594,-122.312655,1324.635
P663,41.531935,-122.152907,2238.459
P664,40.47319,-121.49589,2569.63
P665,40.456124,-121.525739,2327.299
P666,40.465341,-121.514494,2472.051
P667,40.465822,-121.467425,2334.572
P668,40.50899,-121.463061,1982.996
P669,40.49212456,-121.603786,1842.9326
P670,40.539889,-121.577178,1735.221
P671,40.40914099,-121.428208,1958.8122
P672,41.71157,-121.506937,1435.104
P673,41.585819,-121.612999,2018.347
P674,41.616318,-121.48997,1897.694
P675,42.212222,-112.718821,1559.1158
P676,44.654217,-111.33795,2189.7777
P677,42.878919,-113.868302,1284.8156
P678,43.448964,-112.80455,1535.3416
P679,44.0398221,-113.306481,1936.2
P680,44.598357,-111.098749,2315.9239
P681,44.399776,-112.636473,1976.0646
P682,42.50330188,-110.907523,2324.2
P683,42.826692,-111.734524,2066.388
P684,43.919149,-111.450486,1693.9394
P685,44.067942,-111.83014,1607.479
P686,44.25205,-111.155022,2165.981
P687,46.109572,-122.354639,391.0932
P688,46.03012,-122.16416,1165.7457
P689,46.189554,-122.36062,1359.4547
P690,46.179989,-122.189869,2078.9049
P691,46.231479,-122.226948,1183.257
P692,46.224494,-122.184192,1492.233
P693,46.210322,-122.202348,2112.9896
P694,46.29962943,-122.181931,1725.6781
P695,46.198987,-122.164213,2015.6652
P696,46.19688124,-122.151636,1600.0084
P697,46.187642,-122.176609,2214.604
P698,46.17346567,-122.160612,1479.3712
P699,46.189783,-122.203226,2274.1161
P700,46.17813,-122.217349,1522.033
P701,46.19462,-122.133336,1247.789
P702,46.300161,-122.345648,1305.7039
P703,46.1453,-122.19629,973
P705,46.173,-122.31063,1156
P706,45.04347,-112.524089,1810.6818
P707,44.71877032,-111.837164,2292.8035
P708,43.78639,-110.933579,2999.256
P709,44.391795,-110.286006,2379.6957
P710,44.095748,-110.732128,2173.145
P711,44.635565,-110.861066,2118.7243
P712,44.95747,-111.07238,2161.4916
P713,44.38967101,-110.543734,2368.5655
P714,44.89584921,-110.744422,2250.178
P715,43.500769,-109.689852,2988.2088
P716,44.718258,-110.511512,2386.6462
P717,44.485406,-109.897291,2270.2261
P718,44.753095,-109.376294,2577.796
P719,45.217757,-111.789024,1706.3138
P720,44.943101,-110.306257,1923.9544
P721,45.002876,-110.002049,2236.3051
P722,45.457224,-109.57101,1452.7978
P723,37.380422,-118.724761,3198.424
P724,37.43947699,-118.561069,1371.623
P725,37.088891,-119.745591,331.55
P726,37.280524,-118.146682,2202.845
P727,37.273574,-118.466758,2677.844
P728,39.17769999,-106.973981,3426.126
P729,34.26308,-119.09604,36.823
P730,41.359193,-120.828235,1822.953
P731,41.33251,-120.472746,1391.783
P732,43.39249922,-123.89137,582.0927
P733,42.4420156,-124.413298,184.5556
P734,42.07663,-124.293241,113.711
P735,42.69160977,-123.230999,1577.6857
P736,42.57983,-121.88011,1260.009
P737,42.72714192,-122.609636,1254
P738,42.54669,-119.65839,1724
P739,42.02013,-117.72562,1378
P740,33.598194,-116.595974,1372.0745
P741,33.557473,-116.53102,1371.271
P742,33.495542,-116.602571,1142.65586
P744,32.829377,-115.508391,-51.986
P775,40.47538,-86.9920868,182.582
P776,43.54326559,-71.3785574,477
P777,35.70265,-92.54546,336.583
P778,35.24034,-85.81487,552.254
P779,35.20194,-82.87247,880.087
P780,18.07502559,-66.5791349,154.0704
P781,37.69898,-121.07155,-9.7396
P782,35.693814,-120.216175,538.608
P783,40.80757,-111.41471,1820.504
P784,41.8308157,-122.420456,802.2224
P786,41.84548457,-123.98079,83.9872
P787,36.79947537,-121.580831,113.6427
P788,36.74433461,-121.478762,626.6433
P789,35.94658744,-120.471728,503.3795
P790,35.92914769,-120.515375,553.6001
P791,45.34453071,-121.672684,1985.2135
P792,46.2446222273,-122.1368865967,1256.88466
P793,40.47875341,-123.57313,709.8631
P794,39.84568,-122.96376,2088.6254
P795,34.50812368,-116.14813,1095.2595
P796,32.4978722,-114.759348,10.1621
P797,33.53729264,-116.592526,1403.749
P798,43.796029,-110.960577,2456
P799,33.92764771,-118.30635,24.8272
P800,34.02168943,-118.349068,-2.2975
P801,44.3896704,-110.54373207,2368.6928
P802,46.55756,-100.62329,591
P803,46.32636,-90.68362,438
P804,32.963292,-84.225776,215.74
P805,32.96324,-84.22585,215.74
P806,32.963311,-84.225869,215.8
P807,30.494644,-98.822039,420.59
P808,34.836037,-118.621492,914
P809,35.7439,-119.23675,62
P810,35.74396,-119.2367199,62
P811,35.15243271,-118.016609,707
P812,35.1524993,-118.0165363,707
P815,47.937185,-124.557166,37.6
P816,47.937188,-124.557019,36.2
P817,40.14558049364683,-78.51116858743671,383.9873022320901
P820,42.8618,-124.0539,92
P821,43.144546,-123.428986,250.7
P822,42.49344,-122.58851,1182
P823,45.537434,-123.157081,83.408
P824,45.853093,-123.247724,180.36
P825,45.799,-120.847,509
P826,46.182,-123.799,165.6
P827,46.7466,-122.8391,101
P828,47.288973,-122.940718,38.861
PABH,47.212799,-124.204582,12.9063
PAL2,7.13103,-73.18417,1215.4858
PALG,33.3890184387,-117.0317833578,528.82925
PALX,31.55912,-116.06379,1545.4848
PAS1,34.07387554,-106.920944,1417.1083
PASA,57.436,-152.4578,66.6
PB19,-23.89673765972077,-69.30226651711348,2435.5239429631865
PB1Y,32.647944,-115.692443,0.5
PBHR,35.70895,-121.272412,152.2203
PBLD,19.669197,-155.371761,1754.874
PBPP,34.508226,-117.922571,901.9589
PCCL,-18.457674003727842,-70.1067444585473,1143.7277126649224
PCOL,47.17205,-122.57079,79.482
PDIG,25.040225732113175,-105.39597628233481,1757.0615321636465
PDTN,45,-118,394
PDXA,45,-122,-5
PEA1,36.186905,-120.758594,786.077
PEA2,36.180548,-120.766854,684.819
PECL,-37.6869619559512,-73.65057142223512,100.23593227704755
PEIG,15.997679048484619,-97.1475722272102,334.3148305180259
PFBP,18.0383,-67.13344,3.765
PFLD,47,-122,160
PGC5,48,-123,3
PHJX,32.49005556,-115.55045,105.3266
PHLB,34,-117,886
PIN1,33,-116,1256
PIN2,33,-116,1258
PINO,16.392773016183337,-98.1273629029607,238.9106409153062
PJZX,32.41700685,-115.88373,1335.7489
PKDB,35,-120,589
PKDG,35,-120,589
PKDL,45,-121,512
PKRD,34.071559,-118.232902,130.858
PKWD,46,-121,307
PLMN,46,-117,788
PLNA,44,-119,1110
PLPX,31.58860016,-115.151275,813.4855
PLTR,5.04383,-75.3321,3710.52375
PLTX,31.81633926,-115.430893,236.4739
PLVP,-37.148830583501635,-73.5850296212621,58.994526509190784
PMOB,33,-116,1662
PMUV,18.544896345526485,-95.12265755871023,752.2793306285939
PNNN,40.061278944,-105.2062111667,1573.264
PNVL,44,-120,873
POBG,33.6871332935,-116.9237504278,982.24662
POME,46,-117,556
POMM,35.91991,-120.478434,597.1215
POP1,19.06704042715359,-98.62808679153882,4017.4302527400364
POTR,32,-116,730
POVA,2.44909,-76.61474,1749.35512
PPBF,33.835726,-117.182088,428.1082
PPPT,40.0609155,-105.205555555,1571.4
PRKW,19.942804,-155.66777,841.7
PRSN,18.2171,-67.1447,28.798
PRSR,46,-119,231
PRX5,39.94949,-105.19427,1729
PSAP,33.8192368,-116.493991741,86.7308
PSDM,34.0917667974,-117.8070956721,278.38567
PSTX,31.31312,-115.83543,902.1444
PTAA,48,-123,66
PTAL,49,-124,92
PTAR,-53.155235955261034,-71.04962458033587,632.9759022143869
PTAX,32.37793,-115.45659,1066
PTEX,32.28845186,-116.521235,340.5966
PTPP,8.20437,-82.87904,137
PTRB,37,-123,145
PTRF,48,-124,173
PTRH,38,-121,35
PTRL,37,-123,146
PTRO,-41.13814312327965,-72.40292285307245,224.2144696008432
PTSG,41.782741,-124.255199,-10.2142
PTSN,45,-119,119
PUH2,19.421317,-155.907647,50.7
PUPU,47.499559,-122.00808,542.4355
PVE3,33.7432989869,-118.4042603488,71.06222
PVGP,17.978033,-66.788531,-2.516
PVHS,33.7794564525,-118.3721693405,259.60351
PVRS,33.773862,-118.320587,59.8434
PXYZ,40.0612827888,-105.00620675,1571.588
QCY2,36.161065,-121.137346,101.417
QHTP,34.6286821007,-118.2448171769,863.05842
QLLN,-43.11418021496092,-73.66424438014005,197.94252523099559
QMAR,47,-120,819
QSCO,-33.39188846648351,-71.70194957658353,31.074545805405165
QSEC,9.84038,-85.35727,17.5364
QUAD,50,-125,-6
QUEX,32.549213,-115.153225,-17.5
RAAP,33,-116,395
RAGG,34,-116,729
RAMT,35.338714,-117.683349,1406.6133
RAPT,36,-119,88
RBRU,36,-119,59
RCA2,34.49998,-119.719995,1179.2162
RCHY,16.703,-62.15321,313.1
RCSC,33.444138,-117.586437,192.987
RDCI,19.05885807,-70.85639024,1255.6
RDGM,36,-121,128
RDLT,19.3066139,-69.5466528,23
RDMA,19.53879,-71.07724,65.699
RDMC,19.848741,-71.638857,-18.868
RDMT,34.64394,-116.624686,1783.0036
RDNE,18.500752246,-71.420455009,91.3685
RDON,16.93418266,-62.34629539,105.9915
RDSD,18.46139778,-69.9113,-9.2087
RDSJ,18.81948,-71.22701,405.1
RDTO,18.47924,-69.83595,11.459
RDTP,47,-120,1518
REDM,44.259767,-121.147881,919.8533
REED,43,-124,-14
RG03,33.65471,-105.15417,1574
RG05,32.55252,-108.35637,1797
RG06,32.6349,-107.8648,1628
RG07,32.4965,-106.84331,1391
RG08,32.72835,-104.99407,1485
RG10,36.45123,-106.53857,2217
RG11,36.52316,-105.7791,2204
RG13,36.49126,-104.21149,2040
RG16,39.88437,-106.3485,2595.9
RG21,37.76784,-107.1092,2767
RG23,37.74387,-105.4985,2621.343
RG24,37.96352,-104.96676,2211.9
RHCG,34.0009111,-118.01334861,338.7
RHCL,34.01905,-118.026169,176.8871
RKD1,48,-119,313
RKMG,33.6741270709,-117.6094307192,377.61293
RMRK,46,-120,491
RMVJ,33.48581,-117.55533,167
RNCH,35.899993,-120.524825,838.8185
ROA0,16.3181,-86.5266,12.553
ROB1,-32.97582562361398,-71.01584535184068,2208.65685062399
ROCK,34.2356768407,-118.6764356758,553.40569
ROCP,37,-122,582
RPIG,21.8849374822973,-99.98271118522558,987.3829726239312
RPUB,48,-118,798
RSBG,43,-123,135
RSCS,33.44413,242.4135,162.5
RSTP,34.875081,-118.192925,712.7381
RSVY,34.541476,-119.184433,987.4107
RTHS,34.0891521758,-117.3533379588,328.67581
RUBO,-1.728036,29.255945,1465
RUBY,40.61721,-115.12282,1882.381
RUNG,32.9723112433,-114.978034267,119.68542
RVRD,1.067635574029016,-79.38508652647405,48.49790908162396
RYMD,46,-123,-10
S300,37.66650699,-121.558269,495.7488
SABY,18.967013583094705,-91.18656704029237,-5.954387030569529
SACY,33,-117,-11
SALM,44,-123,44
SAMM,47,-122,7
SAN0,12.58045,-81.71572,10.08479
SAOB,36,-121,359
SARG,36,-121,56
SBCC,33.552999,-117.661485,88.695
SBLL,-34.79208473023254,-70.78069955552341,898.5180276280622
SBRB,37,-122,-1
SBRU,37,-122,-1
SC00,46.950925,-120.724609,1178.4093
SC01,34.067953,-106.966542,2097.3848
SC02,48.546195,-123.00761,-15.0315
SC03,47.816587,-123.705738,2018.4739
SC04,48,-123,15
SCCP,37,-122,417
SCIA,34.607446,-117.3883,831.4513
SCIP,32,-118,452
SCW2,12.6833,-87,876
SDHL,34.255011,-116.278897,835.0614
SEAS,45,-123,-11
SEAT,47.653977,-122.309476,44.2292
SEDR,48.521558,-122.223848,29.8571
SELD,59.44571,-151.706671,20.3723
SEQM,48,-123,35
SFDM,34.459805,-118.754505,291.521
SG27,71.322895,-156.610331,9.4329
SGCC,3.37223,-76.52991,1006.84897
SGCG,6.9921,-73.06432,966.7166
SGLG,32,-115,78
SGPS,33.9125371401,-116.6956888206,476.74078
SHIN,40.591679,-120.225043,1377.3251
SHKE,40.1782,-105.0891,1507
SHLD,41.868367,-119.015684,1457.5576
SHOS,35.971345,-116.298984,582.406
SHP5,35,-120,17
SHPB,49,-126,5
SILK,34.1028640742,-118.2638754932,106.23441
SIMM,35,-119,583
SIO5,32,-117,185
SKGT,48,-122,-6
SKPU,48,-122,0
SKYB,34.438624,-118.478629,520.2286
SLAC,37.416517,-122.204262,63.6962
SLHG,33.1926240441,-116.2540605505,177.67039
SLID,39.314277,-119.884287,2902.5263
SLMS,33.292227,-115.977841,-45.9259
SMAI,47,-122,113
SMEL,39.425644,-112.844927,1422.1398
SMM1,72.579584,-38.459185,3260.293
SMNR,47,-122,7
SMRT,18.042266767,-63.1088690982,-32.786
SMTH,54,-127,513
SNHS,33,-117,66
SNI1,33,-119,239
SNLR,1.2925226710888824,-78.84701463254768,22.677276938496437
SNOQ,47,-121,812
SOD2,37,-121,986
SODB,37,-121,985
SOMT,34.319938,-119.064331,464.265
SONG,33.38075,-117.56027,23
SPED,18.46101571,-69.3055736,-22.1449
SPIC,39.306214,-112.127475,1670.4329
SPIG,31.046069387375496,-115.46603552910274,2752.105391140747
SPK1,34.05934268,-118.64616131,440.1281
SPKN,47,-117,772
SPMS,33.992654,-117.848774,207.0515
SPRA,44,-119,567
SPRG,47,-117,600
SRB1,37,-122,54
SRB2,37,-122,54
SRGD,-22.87113594776915,-69.34783388216945,1899.3538617308736
SRIG,27.319790005884688,-112.24099766488958,6.187425361595052
SROD,19.475,-71.3411,98.7
SRS1,34.004335,-120.065219,68.2316
SSHO,47,-122,74
SSIA,13.69712978,-89.11658523,626.812
SSIG,24.81642985053751,-107.14492715719167,129.56290090258545
STAY,44,-122,110
STFU,37,-122,20
STHM,44,-122,190
STVI,18.340101,-64.97445,-21.621
SUAM,5.70987,-72.9247,2529.59168
SUTB,39,-121,616
SVIN,38,-122,-27
SWEP,37,-122,350
SYNG,34.6072323454,-120.0695595464,167.86781
T2IG,14.882264269508342,-92.29589774995287,112.46494019497179
T3RP,37,-122,742
TABL,34.381850308,-117.6782858199,2228.03685
TACO,47,-122,81
TAFT,35,-119,287
TBLP,35.917411,-120.360336,937.5208
TCA0,26.741468,-77.382529,-24.857
TDLS,45,-121,26
TEAT,5.42178,-73.53931,3291.97219
TEG2,14.090085,-87.205647,947.171
TEHA,35,-118,1174
TFNO,49,-125,-3
TGDR,18.208057,-71.091974,25.977
TGIG,16.778184995811575,-93.12225951346961,610.0232877780176
TGMX,20.868118,-86.866857,-3.576
THAR,46.27525,-122.17403,1430.58
THCP,35.158182,-118.414571,1652.4028
THM2,33.54964,-117.76679,225
THMG,33.65064028,-116.0772521158,33.64348
THMS,33.549647,-117.766793,226
TIBB,37,-122,-21
TILL,45,-123,-4
TJRN,34.483473,-120.132562,157.1768
TLGT,-33.776325321518456,-70.98878871444069,1347.3292733606972
TLIG,17.562641120668268,-98.56646344273591,1098.6762655135203
TMAP,33.6412461181,-116.1604636971,-66.89267
TNAL,19.118731,-98.655235,3992
TNAM,20.535679,-103.966822,1226.78
TNAT,18.13021,-98.04113,1299
TNBA,28.971917,-113.547285,5.8
TNCC,18.791089,-103.172953,1076.9
TNCN,18.553795,-101.970807,347
TNCU,28.450588,-106.794,2110
TNCY,16.05851,-97.75887,24
TNGF,19.326944,-99.17607,2273
TNHM,29.081331,-110.970289,182.84
TNIF,18.271,-101.895,255
TNLC,19.506122,-104.549215,269.8
TNMO,19.64878,-101.22784,1963.89
TNMQ,16.71037,-98.61159,411
TNMR,18.28847636875251,-103.34553830293642,44.17933243683734
TNMT,19.585785,-104.274175,1933
TNMZ,19.123606,-104.401534,2.67
TNNP,16.12052,-97.14198,493
TNNX,17.4076,-97.2239,2121
TNPJ,15.704610594882723,-93.21890271048167,68.42978356859088
TNPP,31.335518,-113.631638,28.48
TNSJ,16.17241,-96.48952,2741
TNTM,19.239158,-104.789929,28
TOIY,39.542173,-117.049407,2299.0592
TONO,38.097194,-117.18404,2066.0222
TORP,33.7978006182,-118.3306083645,-5.19705
TOST,34.247955,-118.836663,274.3933
TOWG,35,-117,657
TPOG,34.8788599123,-118.2285758691,772.25516
TPW2,46.207373,-123.768364,-14.9608
TRAI,49,-117,416
TRAK,33,-117,115
TRAT,0.8616356296193082,-79.85934108351127,161.72246017562142
TRCP,37,-122,213
TRLK,35,-120,3
TRLP,1.1019293021150447,-79.15366954862132,26.41502178756622
TRND,41.053886,-124.150867,78.1886
TRNT,16.7643058318,-62.1632961255,-25.561599
TRPD,-33.022810932364386,-71.64746685688725,61.845092261140614
TRPG,0.8165055916754305,-80.01442338544886,39.86888345921026
TRTH,0.9787858282901923,-79.62542234592102,23.365479938146834
TSWY,43.67409,-110.597476,2190.7224
TUCO,1.81485,-78.7477,18.70809
TUKW,47,-122,21
TUMW,46,-122,46
TUNG,40.403201,-118.257504,1414.7529
TWHL,47.015905,-122.922875,107.2996
TWMS,33.97245465,-117.72552209,208.0897
TWSP,48,-120,479
UAGU,21.9185336886,-102.3149671581,1858.801
UAIB,-33.49323564047445,-70.50977467809209,1079.5074605292364
UAPE,-20.24299819333112,-70.14126404011719,56.13806202591875
UCD1,38,-121,0
UCLP,34.0691,-118.4419,109.955
UCLU,48,-125,10
UCOE,19.81321,-101.69442,1973.382
UCSB,34.41330659,-119.84381562,-9.598
UCSF,37,-122,154
UDAT,-27.357234027180773,-70.35443051734951,404.8905387846558
UDEC,-37.47230069889236,-72.3447893260823,178.20248814782627
UFDA,47,-122,79
UGEO,20.6938,-103.2511,1540.9
UJUR,20.70419975,-100.446973305555,1944.852
UKIA,45,-118,1009
UNPM,20.868533,-86.868184,1.8
UNTO,19.319574478925826,-99.59762074147932,2600.08915437414
UPSA,39.627112,-118.802279,1233.2796
USC2,34,-118,55
USGC,33.030063,-116.085333,133.4373
USLO,35.311803,-120.661092,134.6419
USMX,29.82335,-109.67997,642
UTON,19.03347,-98.31624,2155.363
UXAL,19.516385329,-96.92475699,1360.988
UXUV,17.318035008116677,-94.1459361729507,102.3252897918178
VALN,-33.02793420081387,-71.6350256750521,118.53444084206522
VBAM,9.04587,-73.96928,34.01402
VBUV,5.53321,-73.85894,3035.62999
VCAR,6.18253,-67.49485,46.01535
VCST,34.85150263,-119.483859,809.543
VCTG,10.20865,-75.50547,23.98574
VCVL,38.39453031,-121.946941,0.3682
VCWA,45,-122,77
VDCY,34.178565,-118.219999,318.197
VERA,10.85361892,-84.869041,64.3205
VIMT,34.126447,-118.514412,553.7066
VINZ,34,-118,382
VMAG,9.28674,-74.84732,61.09184
VMER,1.78501,-77.1533,1199.9635
VMES,6.88333,-73.09168,1644.49631
VNCO,34.275764,-119.237668,25.709
VNCX,34.293192,-118.484539,328.5966
VNDP,34.556311,-120.616449,-11.5034
VNPS,34.5014826626,-118.1211619431,961.9117
VPOL,10.79377,-74.86084,89.20836
VQUI,5.69232,-76.6417,82.5116
VRAI,9.924881,-83.190642,444.283
VRNT,46,-119,116
VSJG,2.53251,-72.63897,227.76769
VSOA,4.60258,-74.27288,2668.83479
VTAM,6.4524,-71.75348,353.39797
VTIS,33.712642478,-118.2938278972,59.52929
VTOR,33.22501495,-117.193186,379.9218
VZPQ,5.01902,-73.98697,2594.6282
WALA,46,-118,407
WASG,35.7383893662,-118.5569816148,1834.94846
WCHS,34.0618996756,-117.9111151269,100.09225
WDBN,45,-122,39
WDCB,40,-122,259
WEBG,45,-122,67
WGPP,35.010848,-118.983687,352.0366
WHC1,33.9798871154,-118.0311739081,94.2351
WHFG,35.6950537693,-118.3519573714,861.90594
WHYT,33,-117,265
WIDC,33.9347582682,-116.391784554,445.05792
WIKR,63.55272812,-150.922212,1188.7396
WIN2,37.65265,-122.14063,-27.6239
WINT,37.652643,-122.140567,-28.7859
WKPK,34.568498,-118.741516,1208.9157
WLHG,36.152113,-118.313118,2644.4
WLSN,34.22612117,-118.05591256,1705.2614
WLWY,44.639518,-110.286654,2643.0017
WMAP,34.2594262297,-118.4142957461,268.11054
WMDG,33.0383240563,-115.5818967029,-78.46394
WMOK,34.737894,-98.780525,467.3906
WMSG,45,-121,1048
WNRA,34.0432396964,-118.059262367,40.13447
WOMT,34.669014,-116.931665,1353.0419
WORG,35.6955684422,-118.2423891442,798.38784
WOSB,50,-126,959
WRHS,33.9581543836,-118.4276116551,7.8942
WSKY,40,-122,469
WSLB,50,-122,909
WWFG,33,-115,-93
WWMT,33.9553143304,-116.6538594658,796.65364
XANE,47,-120,413
XPLO,-46.484038810545336,-73.19481023279559,93.98478024340307
YACH,44.2932,-124.0803,453
YAIG,18.86242768060332,-99.06693332876424,1288.667152082589
YAKI,46,-120,324
YBH2,41,-122,1065
YBHB,41,-122,1065
YONC,43,-123,86
YUHG,32.6475670248,-115.922236071,152.60135
YUMX,32.027692,-115.199203,-30.2
ZIHU,17.606906307755864,-101.46497168012993,15.417293941679663
